Z011VendorNo,Z011VendorName,VendorNames,n,weight,N,prob,weightedScore
50000,3M,3M,16,1,16,1,1
50001,ACE,ACE,5,1,5,1,1
50002,AIRMAX INDUSTRIES,AIRMAX INDUSTRIES,21,1,42,0.5,0.5
50002,AIRMAX INDUSTRIES,AIRMAX INDUSTRIES INC,21,0.25,42,0.5,0.125
50003,ALKON,ALKON,36,1,36,1,1
50004,ALLENBRADLEY,ALLEN-BRADLEY,243,1,714,0.3403361344537815,0.3403361344537815
50004,ALLENBRADLEY,ALLEN BRADLEY,69,1,714,0.09663865546218488,0.09663865546218488
50004,ALLENBRADLEY,ALLENBRADLEY,1,1,714,0.0014005602240896359,0.0014005602240896359
50004,ALLENBRADLEY,ROCKWELL,158,0.09090909090909091,714,0.22128851540616246,0.020117137764196588
50004,ALLENBRADLEY,ROCKWELL AUTOMATION,243,0.0625,714,0.3403361344537815,0.021271008403361345
50005,ALLIANCE,ALLIANCE,626,1,626,1,1
50006,ALPHA,ALPHA,2,1,2,1,1
50007,AMPHENOL,AMPHENOL,2,1,2,1,1
50009,ANSELL,ANSELL,1,1,2,0.5,0.5
50009,ANSELL,ANSELLS,1,1,2,0.5,0.5
50010,CROUSEHINDS,CROUSE-HINDS,1,1,2,0.5,0.5
50010,CROUSEHINDS,CROUSEHINDS,1,1,2,0.5,0.5
50011,ARPAC,ARPAC,326,1,326,1,1
50012,ASCO,ASCO,43,1,43,1,1
50014,AUBURN,AUBURN,2,1,2,1,1
50015,AUTOMATION CONTROLS GROUP,AUTOMATIONCONTROLS,1,0.14285714285714285,1,1,0.14285714285714285
50016,BALDOR,BALDOR,18,1,18,1,1
50017,BALEMASTER,BALEMASTER,117,1,117,1,1
50018,BALLUFF,BALLUFF,4,1,4,1,1
50019,BANDO,BANDO,1,1,1,1,1
50020,BANNER ENGINEERING,BANNER,12,0.08333333333333333,29,0.41379310344827586,0.034482758620689655
50020,BANNER ENGINEERING,BANNER ENGINEERING,17,1,29,0.5862068965517241,0.5862068965517241
50021,BARKSDALE,BARKSDALE,4,1,4,1,1
50022,BHS,BHS,1936,1,1936,1,1
50023,BIMBA,BIMBA,4,1,4,1,1
50024,BISHOP WISECARVER,BISHOP WISECARVER,2,1,2,1,1
50025,BONDHUS,BONDHUS,4,1,4,1,1
50026,BOSCH REXROTH,BOSCH REXROTH,9,1,10,0.9,0.9
50026,BOSCH REXROTH,BOSCH REXROTH CANADA CORP,1,0.08333333333333333,10,0.1,0.008333333333333333
50027,BRADY,BRADY,10,1,10,1,1
50028,BRECOFLEX,BRECOFLEX,3,1,3,1,1
50029,BRETTING,BRETTING,577,1,577,1,1
50030,BREWER,BREWER,3,1,3,1,1
50031,BUSSMANN,BUSSMAN,1,1,46,0.021739130434782608,0.021739130434782608
50031,BUSSMANN,BUSSMANN,45,1,46,0.9782608695652174,0.9782608695652174
50032,CM CONVEYOR,CM CONV,1,0.25,166,0.006024096385542169,0.0015060240963855422
50032,CM CONVEYOR,CM CONVEYOR,165,1,166,0.9939759036144579,0.9939759036144579
50033,CAMCORP,CAMCORP,1,1,1,1,1
50034,CARDONE,CARDONE,2,1,2,1,1
50035,CARLISLE,CARLISLE,12,1,12,1,1
50036,CARLO GAVAZZI,CARLO GAVAZZI,8,1,8,1,1
50037,CHEMLINE,CHEMLINE,6,1,6,1,1
50038,CHENGDU WEST IND,CHENGDU WEST IND,7,1,14,0.5,0.5
50038,CHENGDU WEST IND,CHENGDU WEST INDUSTRY CO LTD,7,0.08333333333333333,14,0.5,0.041666666666666664
50039,CHICAGO RAWHIDE,CHICAGO RAWHIDE,45,1,45,1,1
50040,CLIMAX,CLIMAX,2,1,2,1,1
50041,CLIPPARD,CLIPPARD,5,1,5,1,1
50042,COMBIFLEX,COMBIFLEX,4,1,4,1,1
50043,CONDOR,CONDOR,2,1,2,1,1
50044,CONDUCTIX,CONDUCTIX,4,1,4,1,1
50045,CONSOLIDATED,CONSOLIDATED,2,1,2,1,1
50046,CONTITECH CANADA,CONTITECH CANADA,4,1,8,0.5,0.5
50046,CONTITECH CANADA,CONTITECH CANADA INC,4,0.25,8,0.5,0.125
50047,CONVAL QUEBEC,CONVAL QUEBEC,4,1,4,1,1
50048,CROUZET,CROUZET,1,1,1,1,1
50049,CURTIS ALBRIGHT,CURTIS ALBRIGHT,2,1,2,1,1
50050,DAEMAR,DAEMAR,6,1,12,0.5,0.5
50050,DAEMAR,DAEMAR INC,6,0.25,12,0.5,0.125
50051,DANAHER,DANAHER,1,1,1,1,1
50052,DARNELL ROSE,DARNEL ROSE,1,1,2,0.5,0.5
50052,DARNELL ROSE,DARNELL ROSE,1,1,2,0.5,0.5
50053,DELTA,DELTA,2,1,2,1,1
50054,DELTROL,DELTROL,5,1,5,1,1
50055,DEUBLIN,DEUBLIN,2,1,2,1,1
50056,DIAKONT,CHEMLINE,1,0.14285714285714285,2,0.5,0.07142857142857142
50056,DIAKONT,DIAKONT,1,1,2,0.5,0.5
50057,DIENES,DIENES,21,1,21,1,1
50058,DIMAR,DIMAR,2,1,2,1,1
50059,DISCA AUTOMATION,DICSA AUTOMATION INC,1,0.2,2,0.5,0.1
50059,DISCA AUTOMATION,DISCA AUTOMATION,1,1,2,0.5,0.5
50060,ABB,ABB,1,1,1,1,1
50060,DODGE,DODGE,14,1,14,1,1
50061,DONALDSON,DONALDSON,1,1,2,0.5,0.5
50061,DONALDSON,DONALDSON COMPANY INC CAD,1,0.0625,2,0.5,0.03125
50062,DUALVEE,DUALVEE,2,1,2,1,1
50063,DUCKER,DUCKER,31,1,62,0.5,0.5
50063,DUCKER,DUCKER CORRPAL,31,0.125,62,0.5,0.0625
50064,DWYER,DWYER,1,1,1,1,1
50065,DYNABLAST,DYNABLAST,4,1,4,1,1
50066,DYNAPAR,DYNAPAR,8,1,8,1,1
50067,DYNATEC,DYNATEC,4,1,8,0.5,0.5
50067,DYNATEC,DYNATECH,4,1,8,0.5,0.5
50068,EASY MOVER,EASY MOVER,3,1,3,1,1
50069,EDSON,EDSON,319,1,320,0.996875,0.996875
50069,EDSON,ROCKWELL,1,0.125,320,0.003125,3.90625e-4
50070,EDWARDS,EDWARDS,8,1,8,1,1
50071,EFECTOR,EFECTOR,1,1,1,1,1
50072,ELGO,ELGO,2,1,2,1,1
50073,ENDRESS HAUSER,ENDRESS HAUSER,1,1,1,1,1
50074,ENDURA VEYOR,ENDURA VEYOR,29,1,29,1,1
50075,ENTRELEC,ENTRELEC,18,1,18,1,1
50076,EURODRIVE,EURODRIVE,2,1,2,1,1
50077,EZY FILTERS,EZY FILTERS,1,1,2,0.5,0.5
50077,EZY FILTERS,FLOW EZY FILTERS,1,0.2,2,0.5,0.1
50078,FABCOAIR,FABCO AIR,1,1,2,0.5,0.5
50078,FABCOAIR,FABCOAIR,1,1,2,0.5,0.5
50079,FALK,FALK,2,1,2,1,1
50080,FANUC,FANUC,1,1,1,1,1
50081,FEDERAL,ALLEN BRADLEY,1,0.1111111111111111,4,0.25,0.027777777777777776
50081,FEDERAL,FEDERAL,2,1,4,0.5,0.5
50081,FEDERAL,FEDERAL SIGNAL,1,0.14285714285714285,4,0.25,0.03571428571428571
50082,FESTO,FESTO,11,1,11,1,1
50083,FIFE,FIFE,10,1,10,1,1
50084,FINDER,FINDER,1,1,1,1,1
50085,FINITE,FINITE,2,1,4,0.5,0.5
50085,FINITE,PARKER,2,0.16666666666666666,4,0.5,0.08333333333333333
50086,FLOWSERVE,FLOWSERVE,4,1,4,1,1
50087,FLUKE,FLUKE,2,1,2,1,1
50088,FOSTER,FOSTER,9,1,9,1,1
50089,GARDNER SPRING,GARDNER SPRING,1,1,2,0.5,0.5
50089,GARDNER SPRING,GARNDER SPRING,1,1,2,0.5,0.5
50090,GATES,CONTITECH CANADA INC,1,0.05555555555555555,62,0.016129032258064516,8.960573476702508e-4
50090,GATES,GATES,35,1,62,0.5645161290322581,0.5645161290322581
50090,GATES,GATES CORPORATION,26,0.08333333333333333,62,0.41935483870967744,0.03494623655913978
50091,GE,GE,3,1,3,1,1
50092,GENERAL PUMP,GENERAL PUMP,2,1,2,1,1
50093,GOPFERT,DUCKER CORRPAL,1,0.08333333333333333,1779,5.621135469364812e-4,4.6842795578040096e-5
50093,GOPFERT,GOPFERT,1778,1,1779,0.9994378864530635,0.9994378864530635
50094,GRAY TOOLS,GRAY TOOLS,2,1,2,1,1
50095,GRECON,GRECON,14,1,14,1,1
50097,HANKISON,HANKISON,2,1,2,1,1
50098,HASKEL,HASKEL,2,1,2,1,1
50099,HBC RADIOMATIC,HBC RADIOMATIC,6,1,6,1,1
50101,HITACHI,HITACHI,4,1,4,1,1
50102,HIWIN,HIWIN,5,1,5,1,1
50103,HMI,HMI,1,1,1,1,1
50104,HOFFMANN,HOFFMAN,32,1,34,0.9411764705882353,0.9411764705882353
50104,HOFFMANN,HOFFMANN,2,1,34,0.058823529411764705,0.058823529411764705
50105,HONEYWELL,HONEYWELL,14,1,14,1,1
50106,HUB CITY,HUB CITY,6,1,6,1,1
50107,HUBBELLOCK,HUBBELL,32,0.3333333333333333,32,1,0.3333333333333333
50108,IDEC,IDEC,3,1,3,1,1
50109,IGUS,IGUS,7,1,7,1,1
50110,ILME,ILME,2,1,2,1,1
50111,NORGREN,NORGREN,1,1,1,1,1
50112,INA,INA,1,1,1,1,1
50113,INFINITY,INFINITY,1619,1,1619,1,1
50114,INGERSOLL RAND,INGERSOLL RAND,2,1,2,1,1
50115,INNOVATIVE CONTROL,INNOVATIVE CONTROL,8,1,15,0.5333333333333333,0.5333333333333333
50115,INNOVATIVE CONTROL,INNOVATIVE CONTROL SOLUTIONS,7,0.1,15,0.4666666666666667,0.04666666666666667
50116,ITOH DENKI,ITOH DENKI,1,1,1,1,1
50117,JASON INDUSTRIAL CANADA,JASON INDUSTRIAL CANADA,6,1,12,0.5,0.5
50117,JASON INDUSTRIAL CANADA,JASON INDUSTRIAL CANADA LTD,6,0.25,12,0.5,0.125
50118,JDB BEARINGS,JDB BEARINGS,2,1,2,1,1
50119,JOHN DEERE,JOHN DEERE,6,1,6,1,1
50120,JOHNSONS CONTROLS,JOHNSONS CONTROLS,2,1,2,1,1
50121,JOKAB SAFETY,JOKAB SAFETY,18,1,18,1,1
50122,JOYCE,JOYCE,3,1,3,1,1
50123,KEEPKLEEN,KEEPKLEEN,2,1,2,1,1
50124,KEYENCE,KEYENCE,56,1,57,0.9824561403508771,0.9824561403508771
50124,KEYENCE,MHI,1,0.14285714285714285,57,0.017543859649122806,0.002506265664160401
50125,KILIAN MANUFACTURING,KILIAN MANUFACTURING,4,1,8,0.5,0.5
50125,KILIAN MANUFACTURING,KILIAN MANUFACTURING CORP,4,0.2,8,0.5,0.1
50126,KIPP,KIPP,1,1,1,1,1
50127,KLEENRITE,DEMA,1,0.125,2,0.5,0.0625
50127,KLEENRITE,KLEENRITE,1,1,2,0.5,0.5
50128,KOYO CA,KOYO CA,28,1,56,0.5,0.5
50128,KOYO CA,KOYO CANADA INC,28,0.125,56,0.5,0.0625
50129,LEGRIS,LEGRIS,1,1,1,1,1
50130,LENNOX,LENNOX,3,1,3,1,1
50131,LEPAGE,LEPAGE,2,1,2,1,1
50132,LG,ARPAC,1,0.2,2,0.5,0.1
50132,LG,LG,1,1,2,0.5,0.5
50133,LINDE,LINDE,2,1,2,1,1
50134,LITTELFUSE,LITTELFUSE,1,1,2,0.5,0.5
50134,LITTELFUSE,LITTLEFUSE,1,1,2,0.5,0.5
50135,LOCTITE,LOCTITE,6,1,6,1,1
50136,MAG BROOKE,MAG BROOKE,35,1,70,0.5,0.5
50136,MAG BROOKE,MAGBROOKE,35,1,70,0.5,0.5
50137,MAHLE,MAHLE,2,1,2,1,1
50138,MARATHON,MARATHON,2,1,2,1,1
50139,MARATHON ELECTRIC,MARATHON ELECTRIC,1,1,1,1,1
50140,MARQUIPWARDUNITED,MARQUIP WARD UNITED,1,0.5,8,0.125,0.0625
50140,MARQUIPWARDUNITED,MARQUIPWARDUNITED,7,1,8,0.875,0.875
50141,MARTIN SPROCKET & GEAR,ABB,2,0.047619047619047616,312,0.00641025641025641,3.052503052503052e-4
50141,MARTIN SPROCKET & GEAR,MARTIN SPROCKET & GEAR,310,1,312,0.9935897435897436,0.9935897435897436
50142,MAXCESSFIFE,FIFE,1,0.14285714285714285,2,0.5,0.07142857142857142
50142,MAXCESSFIFE,MAXCESSFIFE,1,1,2,0.5,0.5
50143,TOPRING,TOPRING,1,1,1,1,1
50144,MAXON,MAXON,2,1,2,1,1
50145,MBL,MBL,1,1,1,1,1
50146,MCGILL,MCGILL,4,1,4,1,1
50147,MCMASTERCARR,MCMASTER CARR,1,1,4,0.25,0.25
50147,MCMASTERCARR,MCMASTERCARR,3,1,4,0.75,0.75
50148,MENCOM,MENCOM,2,1,2,1,1
50149,METTLER TOLEDO,METTLER TOLEDO,3,1,3,1,1
50150,MHI,MHI,3336,1,3336,1,1
50151,MICO,MICO,1,1,1,1,1
50152,MILLER BEARING,MILLER,1,0.125,10,0.1,0.0125
50152,MILLER BEARING,MILLER BEARING,5,1,10,0.5,0.5
50152,MILLER BEARING,MILLER BEARING COMPANY,4,0.125,10,0.4,0.05
50153,MILWAUKEE,MILLWAKEE,1,0.5,2,0.5,0.25
50153,MILWAUKEE,MILWAUKEE,1,1,2,0.5,0.5
50154,MINARIK,MINARIK,2,1,2,1,1
50155,MISUMI,MISUMI,1,1,1,1,1
50156,MOLEX,MOLEX,10,1,10,1,1
50157,MOMO,MHI,13,0.3333333333333333,26,0.5,0.16666666666666666
50157,MOMO,MOMO,13,1,26,0.5,0.5
50158,MONTALVO,MONTALVO,6,1,6,1,1
50159,MORSE,MORSE,1,1,1,1,1
50160,MOSCA,MOSCA,767,1,767,1,1
50162,NACHI CA,NACHI CA,2,1,4,0.5,0.5
50162,NACHI CA,NACHI CANADA INC,2,0.125,4,0.5,0.0625
50163,NAPA,NAPA,4,1,4,1,1
50164,NATIONAL HARDWARE,NATIONAL,2,0.1111111111111111,4,0.5,0.05555555555555555
50164,NATIONAL HARDWARE,NATIONAL HARDWARE,2,1,4,0.5,0.5
50165,NEW YORK BLOWER,NEW YORK BLOWER,13,1,13,1,1
50166,NEXEN,NEXEN,6,1,6,1,1
50167,NOPAK CANADA,NOPAK CANADA,1,1,2,0.5,0.5
50167,NOPAK CANADA,NOPAK CANADA INC,1,0.25,2,0.5,0.125
50168,NORDSON,NORDSON,9,1,9,1,1
50169,NORGREN,NORGREN,9,1,9,1,1
50170,NOSHOK,NOSHOK,1,1,1,1,1
50171,NSK,NSK,31,1,57,0.543859649122807,0.543859649122807
50171,NSK,NSK CANADA INC,26,0.09090909090909091,57,0.45614035087719296,0.04146730462519936
50172,NTN,NTN,30,1,30,1,1
50173,NUMATICS,NUMATICS,15,1,15,1,1
50174,OATEY,OATEY,2,1,2,1,1
50175,OETIKER,OETIKER,4,1,4,1,1
50176,OILITE,OILITE,15,1,15,1,1
50177,OMEGA,OMEGA,6,1,6,1,1
50178,OMRON,OMRON,41,1,41,1,1
50179,OPTREL,OPTREL,2,1,2,1,1
50180,ORIENTAL MOTOR,ORIENTAL MOTOR,3,1,3,1,1
50181,OSPREY,OSPREY,11,1,11,1,1
50182,PARKER,PARKER,157,1,157,1,1
50183,PCI,PCI,2,1,2,1,1
50184,PCMC,PCMC,1482,1,1482,1,1
50185,PEPPERL FUCHS,PEPPERL FUCHS,3,1,8,0.375,0.375
50185,PEPPERL FUCHS,PEPPERLFUCHS,5,1,8,0.625,0.625
50186,PERMATEX,PERMATEX,2,1,2,1,1
50187,PFANNENBERG,PFANNENBERG,4,1,4,1,1
50188,PHILMORE,PHILMORE,2,1,2,1,1
50189,PHOENIX CONTACT,PHOENIX CONTACT,1,1,1,1,1
50190,PIAB,PIAB,3,1,3,1,1
50191,POTTER,POTTER,2,1,2,1,1
50192,POWERHANDLING,POWER HANDLING,1,1,12,0.08333333333333333,0.08333333333333333
50192,POWERHANDLING,POWERHANDLING,11,1,12,0.9166666666666666,0.9166666666666666
50193,POWERTITE,APPLETON,1,0.14285714285714285,3,0.3333333333333333,0.047619047619047616
50193,POWERTITE,EMERSON,1,0.14285714285714285,3,0.3333333333333333,0.047619047619047616
50193,POWERTITE,POWERTITE,1,1,3,0.3333333333333333,0.3333333333333333
50194,PROLAB,PROLAB,14,1,14,1,1
50195,PROTO,PROTO,2,1,2,1,1
50196,PULSAFEEDER,PULSAFEEDER,4,1,4,1,1
50197,RM MATERIALS,RM,3,0.1,34,0.08823529411764706,0.008823529411764707
50197,RM MATERIALS,RM MATERIALS,31,1,34,0.9117647058823529,0.9117647058823529
50198,RAYMOND,RAYMOND,5,1,5,1,1
50199,RBC BEARINGS,RBC BEARINGS,8,1,15,0.5333333333333333,0.5333333333333333
50199,RBC BEARINGS,RBC BEARINGS CANADA,7,0.14285714285714285,15,0.4666666666666667,0.06666666666666667
50200,RECTORS MACHINE SHOP,RECTORS MACHINE SHOP,2,1,2,1,1
50201,RED LION,RED LION,6,1,7,0.8571428571428571,0.8571428571428571
50201,RED LION,REDLION,1,1,7,0.14285714285714285,0.14285714285714285
50202,REGAL BELOIT,REGAL BELOIT,209,1,209,1,1
50203,REGO,REGO,3,1,3,1,1
50204,RENOLD CANADA,REGAL BELOIT,1,0.1111111111111111,86,0.011627906976744186,0.0012919896640826872
50204,RENOLD CANADA,RENOLD CA,1,0.25,86,0.011627906976744186,0.0029069767441860465
50204,RENOLD CANADA,RENOLD CANADA,43,1,86,0.5,0.5
50204,RENOLD CANADA,RENOLD CANADA LIMITE,41,0.14285714285714285,86,0.47674418604651164,0.0681063122923588
50205,REXNORD,REXNORD,28,1,28,1,1
50206,RICHARD,RICHARD,2,1,2,1,1
50207,RIGID ZERO MAX,RIGID ZERO MAX,2,1,2,1,1
50208,RINGBALL,RINGBALL,3,1,6,0.5,0.5
50208,RINGBALL,RINGBALL CORPORATION,3,0.08333333333333333,6,0.5,0.041666666666666664
50209,ROBOT COUPE,ROBOT COUPE,1,1,2,0.5,0.5
50209,ROBOT COUPE,ROBOT COUPE PARTS,1,0.16666666666666666,2,0.5,0.08333333333333333
50210,ROSS CONTROLS,ROSS CONTROLS,1,1,1,1,1
50211,SW,SW,2,1,2,1,1
50212,SAMUEL STRAPPING,SAMUEL STRAPPING,74,1,74,1,1
50213,SCHAEFFLER,SCHAEFFLER,7,1,14,0.5,0.5
50213,SCHAEFFLER,SCHAEFFLER CANADA INC,7,0.09090909090909091,14,0.5,0.045454545454545456
50214,SCHLUMPF,SCHLUMPF,14,1,14,1,1
50215,SCHMERSAL,SCHMERSAL,4,1,4,1,1
50216,SCHNEIDER ELECTRIC,SCHNEIDER ELECTRIC,21,1,22,0.9545454545454546,0.9545454545454546
50216,SCHNEIDER ELECTRIC,SQUARED,1,0.06666666666666667,22,0.045454545454545456,0.0030303030303030303
50217,SEALMASTER,SEALMASTER,13,1,13,1,1
50218,SECO,SECO,2,1,2,1,1
50219,SEMIKRON,SEMIKRON,2,1,2,1,1
50220,SERVICENTER,SERVICENTRE,1,1,1,1,1
50221,SEW,SEW,1,1,1,1,1
50222,SEYMOUR,SEYMOUR,12,1,12,1,1
50223,SHARPIE,SHARPIE,2,1,2,1,1
50224,SHIMPO,SHIMPO,6,1,6,1,1
50225,SICK,SICK,16,1,16,1,1
50226,SIEMENS,SIEMENS,21,1,21,1,1
50227,SIMONEX,SIMONEX,8,1,8,1,1
50228,SIT,SIT,2,1,2,1,1
50229,SKF,SKF,315,1,315,1,1
50230,SLAENAUR,SLAENAUR,2,1,2,1,1
50232,SLUG BUSTER,GREENLEE,5,0.1111111111111111,10,0.5,0.05555555555555555
50232,SLUG BUSTER,SLUG BUSTER,5,1,10,0.5,0.5
50233,SMC PNEUMATICS,MHI,1,0.08333333333333333,51,0.0196078431372549,0.001633986928104575
50233,SMC PNEUMATICS,SMC PNEUMATICS,32,1,51,0.6274509803921569,0.6274509803921569
50233,SMC PNEUMATICS,SMC PNEUMATICS CANADA LTD,18,0.09090909090909091,51,0.35294117647058826,0.03208556149732621
50234,SOLA,SOLA,4,1,4,1,1
50235,SOLUS,SOLUS,2,1,2,1,1
50236,SPAENAUR,SPAENAUR,35,1,38,0.9210526315789473,0.9210526315789473
50236,SPAENAUR,SPAENAUR INC,1,0.25,38,0.02631578947368421,0.006578947368421052
50236,SPAENAUR,SPEANUR,1,0.5,38,0.02631578947368421,0.013157894736842105
50236,SPAENAUR,SPLAENAUR,1,1,38,0.02631578947368421,0.02631578947368421
50237,SPRAYING SYSTEMS,SPRAYING SYSTEM,3,1,6,0.5,0.5
50237,SPRAYING SYSTEMS,SPRAYING SYSTEMS,3,1,6,0.5,0.5
50238,SPRECHER SCHUH,SPRECHER SCHUH,3,1,3,1,1
50239,STAKON,STAKON,32,1,33,0.9696969696969697,0.9696969696969697
50239,STAKON,THOMAS & BETTS,1,0.07692307692307693,33,0.030303030303030304,0.002331002331002331
50240,STAUBLI,STAUBLI,2,1,2,1,1
50241,STAUFF,STAUFF,2,1,2,1,1
50242,STILSON,STILSON,3,1,3,1,1
50243,STRAPCO,STRAPCO,29,1,29,1,1
50244,SULLAIR,SULLAIR,177,1,177,1,1
50245,SUN AUTOMATISATION,SUN AUTOMATISATION,42,1,42,1,1
50246,TANIS,TANIS,1,1,1,1,1
50247,TB WOODS,TB WOODS,8,1,8,1,1
50248,TECHNICAL BEARINGS,TECHNICAL BEARINGS,1,1,2,0.5,0.5
50248,TECHNICAL BEARINGS,TECHNICAL BEARINGS SALES LTD,1,0.1,2,0.5,0.05
50249,TECKNO VALVE,TECKNO VALVE,3,1,6,0.5,0.5
50249,TECKNO VALVE,TECKNO VALVES RS INC,3,0.125,6,0.5,0.0625
50250,TEEJET,TEEJET,2,1,2,1,1
50251,TELEMECANIQUE,SCHNEIDER ELECTRIC,6,0.06666666666666667,19,0.3157894736842105,0.021052631578947368
50251,TELEMECANIQUE,telemecanique,3,0.07692307692307693,19,0.15789473684210525,0.012145748987854251
50251,TELEMECANIQUE,TELEMECANIQUE,10,1,19,0.5263157894736842,0.5263157894736842
50252,THK,THK,20,1,23,0.8695652173913043,0.8695652173913043
50252,THK,THK CANADA,3,0.14285714285714285,23,0.13043478260869565,0.018633540372670804
50253,THOMAS  BETTS,THOMAS  BETTS,7,1,171,0.04093567251461988,0.04093567251461988
50253,THOMAS  BETTS,THOMAS & BETTS,164,1,171,0.9590643274853801,0.9590643274853801
50254,TIDLAND,TIDLAND,2,1,2,1,1
50255,TIMKEN,TIMKEN,66,1,132,0.5,0.5
50255,TIMKEN,TIMKEN CANADA LP,66,0.1,132,0.5,0.05
50256,TKM,TKM,1,1,1,1,1
50257,TOM BRAND,T-O-M BRAND,1,0.5,3,0.3333333333333333,0.16666666666666666
50257,TOM BRAND,WC BRAHAM,1,0.16666666666666666,3,0.3333333333333333,0.05555555555555555
50257,TOM BRAND,WC BRANHAM,1,0.16666666666666666,3,0.3333333333333333,0.05555555555555555
50258,TOPRING,TOPRING,24,1,24,1,1
50259,TRANSFAB,TRANSFAB,10,1,10,1,1
50260,TREGASKISS,TREGASKISS,2,1,2,1,1
50261,TRICO,TRICO,4,1,4,1,1
50262,TRUARC,TRUARC,2,1,2,1,1
50263,TSUBAKI CA,TSUBAKI CA,1,1,2,0.5,0.5
50263,TSUBAKI CA,TSUBAKI OF CANADA LTD,1,0.09090909090909091,2,0.5,0.045454545454545456
50264,TUFFGRADE,TUFFGRADE,2,1,2,1,1
50265,TURCK,TURCK,14,1,14,1,1
50266,TYRAP,THOMAS  BETTS,7,0.09090909090909091,22,0.3181818181818182,0.028925619834710745
50266,TYRAP,THOMAS & BETTS,7,0.08333333333333333,22,0.3181818181818182,0.026515151515151512
50266,TYRAP,TYRAP,8,1,22,0.36363636363636365,0.36363636363636365
50267,ULTRASAFE,MERSEN,4,0.14285714285714285,6,0.6666666666666666,0.09523809523809523
50267,ULTRASAFE,ULTRASAFE,2,1,6,0.3333333333333333,0.3333333333333333
50268,UVEX,UVEX,7,1,7,1,1
50269,VALCO,MHI,1,0.2,122,0.00819672131147541,0.0016393442622950822
50269,VALCO,VALCO,121,1,122,0.9918032786885246,0.9918032786885246
50270,VICAS,VICAS,2,1,2,1,1
50271,VICKERS,EATON,10,0.14285714285714285,23,0.43478260869565216,0.06211180124223602
50271,VICKERS,EATON CORPORATIONVICKER,1,0.05555555555555555,23,0.043478260869565216,0.0024154589371980675
50271,VICKERS,EATON VICKERS,1,0.16666666666666666,23,0.043478260869565216,0.007246376811594202
50271,VICKERS,VICKERS,11,1,23,0.4782608695652174,0.4782608695652174
50272,W MEYER  SONS,W MEYER  SONS,16,1,16,1,1
50273,WALTER,WALTER,95,1,95,1,1
50274,WEIDMULLER,WEIDMULER,1,1,2,0.5,0.5
50274,WEIDMULLER,WEIDMULLER,1,1,2,0.5,0.5
50275,WEIMA,WEIMA,7,1,7,1,1
50276,WELDMATE,WELD MATE,1,1,4,0.25,0.25
50276,WELDMATE,WELDMATE,3,1,4,0.75,0.75
50277,WESTINGHOUSE,WESTINGHOUSE,2,1,2,1,1
50278,WILDEN,WILDEN,62,1,62,1,1
50279,WILKERSON,WILKERSON,2,1,2,1,1
50280,WORLDWIDE,WORLDWIDE,1,1,1,1,1
50281,YUEQING BETHEL,YUEQING BETHEL,5,1,5,1,1
50282,ZENITH,ZENITH,4,1,4,1,1
50283,ZIMMER,ZIMMER,1,1,1,1,1
50284,ZINGA INDUSTRIES,ZINGA,1,0.09090909090909091,3,0.3333333333333333,0.030303030303030304
50284,ZINGA INDUSTRIES,ZINGA INDUSTRIES,2,1,3,0.6666666666666666,0.6666666666666666
50285,ABB,ABB,99,1,99,1,1
50286,ACME,ACME,2,1,2,1,1
50287,ADAPTA  BEACON,ADAPTA  BEACON,1,1,1,1,1
50288,ALADCO,ALADCO,1,1,1,1,1
50290,ALLENAIR CORP,ALLENAIR CORP,1,1,1,1,1
50291,AMCAN BEARING COMPANY,AMCAN BEARING COMPANY,1,1,1,1,1
50292,AMI,AMI,1,1,1,1,1
50293,ANVIL,ANVIL,2,1,2,1,1
50294,APPLETON,APPLETON,8,1,8,1,1
50295,ARC,ARC,5,1,5,1,1
50296,ARO,ARO,25,1,25,1,1
50297,AUBE,AUBE,1,1,1,1,1
50298,AVENTICS INC,AVENTICS INC,3,1,3,1,1
50299,BK,BK,79,1,79,1,1
50300,BANVIL 2000,BANVIL 2000,1,1,1,1,1
50301,BEGUELLI,BEGUELLI,1,1,1,1,1
50303,BLACKBURN,BLACKBURN,5,1,5,1,1
50307,CABLE,CABLE,3,1,3,1,1
50308,CAMFLIT,CAMFLIT,1,1,1,1,1
50309,CASTROL,CASTROL,1,1,1,1,1
50310,CATU,CATU,1,1,1,1,1
50311,CELLO PRODUCTS INC,CELLO PRODUCTS INC,15,1,15,1,1
50312,CEMARLINE,CEMARLINE,1,1,1,1,1
50313,CERTIFIED LABS,CERTIFIED LABS,1,1,1,1,1
50314,CFI,CFI,1,1,1,1,1
50315,COLORKEYED,COLORKEYED,1,1,1,1,1
50316,COLUMBIA MBF,COLUMBIA MBF,8,1,8,1,1
50317,COMMONWEALTH,COMMONWEALTH,1,1,1,1,1
50318,CONTROLE AIR,CONTROLE AIR,1,1,1,1,1
50319,COPAR CORPORATION,COPAR CORPORATION,28,1,28,1,1
50320,CORNELL DUBILIER,CORNELL DUBILIER,1,1,1,1,1
50321,COWPER INC,COWPER INC,2,1,2,1,1
50322,CR SKF CHICAGO RAWHIDE,CR SKF CHICAGO RAWHIDE,2,1,3,0.6666666666666666,0.6666666666666666
50322,CR SKF CHICAGO RAWHIDE,SKF,1,0.05263157894736842,3,0.3333333333333333,0.017543859649122806
50323,CROSS MFG INC,CROSS MFG INC,1,1,1,1,1
50325,CUTLERHAMMER,CUTLER HAMMER,2,1,8,0.25,0.25
50325,CUTLERHAMMER,CUTLERHAMMER,5,1,8,0.625,0.625
50325,CUTLERHAMMER,CUTTLERHAMMER,1,1,8,0.125,0.125
50326,DALTON GEAR,DALTON GEAR,2,1,2,1,1
50327,DATALOGIC,DATALOGIC,1,1,1,1,1
50328,DAYCO,DAYCO,4,1,4,1,1
50331,DUPONT,DUPONT,1,1,1,1,1
50332,DURACELL,DURACELL,1,1,1,1,1
50334,ELETTRIC80,ELETTRIC80,7,1,7,1,1
50335,EAM MOSCA,EAM MOSCA,33,1,33,1,1
50336,EBMPAPST,EBM PAPST,3,1,6,0.5,0.5
50336,EBMPAPST,EBMPAPST,3,1,6,0.5,0.5
50337,ECHOTAPE,ECHOTAPE,2,1,2,1,1
50338,ELECTRA,ELECTRA,3,1,3,1,1
50339,ERICO,ERICO,1,1,1,1,1
50340,FAIRCHILD,FAIRCHILD,1,1,1,1,1
50341,FERRAZ SHAWMUT,FERRAZ SHAWMUT,151,1,151,1,1
50342,FIDELITY PAC METALS LTD,FIDELITY PAC METALS LTD,123,1,123,1,1
50344,FORMSPRAG CLUTCH,FORMSPRAG,1,0.14285714285714285,3,0.3333333333333333,0.047619047619047616
50344,FORMSPRAG CLUTCH,FORMSPRAG CLUTCH,2,1,3,0.6666666666666666,0.6666666666666666
50345,FP OUTDOOR LIGHTING,FP OUTDOOR LIGHTING,1,1,1,1,1
50346,FYH,FYH,3,1,3,1,1
50347,GAST,GAST,4,1,4,1,1
50349,GOODYEAR,GOODYEAR,1,1,1,1,1
50350,GRACO,GRACO,2,1,2,1,1
50351,GRASSLIN,GRASSLIN,1,1,1,1,1
50352,GRAYMILLS,GRAYMILLS,7,1,7,1,1
50353,GREENLEE,GREENLEE,1,1,1,1,1
50354,GROTE,GROTE,1,1,1,1,1
50355,HAMMOND MANUFACTURING,HAMMOND MANUFACTURING,2,1,2,1,1
50356,HAMMOND POWER SOLUTIONS,HAMMOND POWER SOLUTIONS,1,1,1,1,1
50357,HAWE HYDRAULIC,HAWE HYDRAULIC,1,1,1,1,1
50360,HYDROLICO INC,HYDROLICO INC,1,1,1,1,1
50361,HYPERLINE,HYPERLINE,1,1,1,1,1
50362,HYSTER,HYSTER,2,1,2,1,1
50363,IDEAL,IDEAL,1,1,1,1,1
50364,ILSCO,ILSCO,2,1,2,1,1
50366,INTERMATIC,INTERMATIC,3,1,3,1,1
50367,IPEX,IPEX,6,1,6,1,1
50368,ISOSTATIC INDUSTRIES INC,ISOSTATIC INDUSTRIES INC,54,1,54,1,1
50369,JERGENS,JERGENS,1,1,1,1,1
50370,JINAN MEIDE,JINAN MEIDE,91,1,91,1,1
50371,JKL COMPONENTS,JKL COMPONENTS,1,1,1,1,1
50372,KB ELECTRONIQUE,KB LECTRONIQUE,1,1,1,1,1
50373,KENDALL,KENDALL,1,1,1,1,1
50374,KLEIN,KLEIN,16,1,16,1,1
50375,KLUBER,KLUBER,2,1,2,1,1
50376,KML,KML,2,1,2,1,1
50377,LAFCO,LAFCO,25,1,25,1,1
50378,LANGSTON,LANGSTON,8,1,8,1,1
50379,LEESON,LEESON,1,1,1,1,1
50380,LESLIE,LESLIE,1,1,1,1,1
50381,LEVITON,LEVITON,15,1,15,1,1
50382,LEXAN,LEXAN,1,1,1,1,1
50383,LINE PROCESS CONTROLS INC,LINE PROCESS CONTROLS INC,2,1,2,1,1
50384,LINEMASTER,LINE MASTER,1,1,4,0.25,0.25
50384,LINEMASTER,LINEMASTER,3,1,4,0.75,0.75
50385,LITHONIA,LITHONIA,1,1,1,1,1
50386,LOVEJOY,LOVEJOY,1,1,1,1,1
50387,LOWELL CORPORATION,LOWELL CORPORATION,1,1,1,1,1
50389,LUBRIPLATE,LUBRIPLATE,1,1,1,1,1
50390,LUMBERG,LUMBERG,1,1,1,1,1
50391,MAC,MAC,1,1,1,1,1
50393,MAGNECRAFT,MAGNECRAFT,1,1,1,1,1
50394,MARCUS,MARCUS,1,1,1,1,1
50396,MAXIFLEX,MAXIFLEX,3,1,3,1,1
50397,MCR,MCR,1,1,1,1,1
50398,METAFLUX,METAFLUX,1,1,1,1,1
50399,MOBIL,MOBIL,8,1,8,1,1
50400,MONARCH,MONARCH,1,1,1,1,1
50401,MRC,MRC,1,1,1,1,1
50402,MUELLER,MUELLER,1,1,1,1,1
50403,MYERS,MYERS,7,1,7,1,1
50404,NEAPCO,NEAPCO,1,1,1,1,1
50406,PANDUIT,PANDUIT,3,1,3,1,1
50407,PBC LINEAR,PBC LINEAR,1,1,1,1,1
50408,PELICAN,PELICAN,1,1,1,1,1
50409,PHILIPS,PHILIPS,15,1,15,1,1
50410,PNEUTECK INC,PNEUTECK INC,1,1,1,1,1
50411,PNEUTROL,PNEUTROL,1,1,1,1,1
50412,POLYMOTION LTD,POLYMOTION LTD,1,1,1,1,1
50413,POLYWATER,POLYWATER,1,1,1,1,1
50414,PRECISION MULTIPLE CONTRO,PRECISION MULTIPLE CONTROLS,3,0.5,3,1,0.5
50415,PRIMARYFLUID,PRIMARYFLUID,1,1,1,1,1
50416,PROAX TECHNOLOGIES LTEE,PROAX TECHNOLOGIES LTEE,1,1,1,1,1
50417,RAB,RAB,2,1,2,1,1
50418,RACKATIERS,RACKATIERS,1,1,1,1,1
50419,RE,RE,1,1,1,1,1
50420,READING TECHNOLOGIES,READING TECHNOLOGIES,1,1,1,1,1
50421,REX MANUFACTURING,REX MANUFACTURIND,1,1,1,1,1
50423,RHP,RHP,1,1,1,1,1
50424,RINGSPANN CORPORATION,RINGSPANN CORPORATION,1,1,1,1,1
50425,RITTAL,RITTAL,2,1,2,1,1
50426,ROD ENDS MECHANICAL LTD,ROD ENDS MECHANICAL LTD,3,1,3,1,1
50427,RTI,RTI,1,1,1,1,1
50428,RUB,RUB,1,1,1,1,1
50429,SANDPIPER,SANDPIPER,81,1,81,1,1
50430,SCEPTER,SCEPTER,4,1,4,1,1
50431,SCHROEDER,SCHROEDER,1,1,1,1,1
50432,SELECTPART,SELECTPART,1,1,1,1,1
50433,SHELL,SHELL,1,1,1,1,1
50434,SIGNODE,SIGNODE,4,1,4,1,1
50436,SMART SUPPLIES,SMART SUPPLIES,3,1,3,1,1
50437,SPICER,SPICER,2,1,2,1,1
50438,SQUARE D,SQUARE D,5,1,5,1,1
50439,STAFFORD CORRUGATED,STAFFORD CORRUGATED,3,1,3,1,1
50440,STANDARD,STANDARD,12,1,12,1,1
50442,STELPRO,STELPRO,1,1,1,1,1
50443,STEWART WARNER CORP CDN L,STEWART WARNER CORP CDN LTD,1,0.5,1,1,0.5
50444,SUPERIOR GLOVE WORKS LTD,SUPERIOR GLOVE WORKS LTD,1,1,1,1,1
50445,TCP,TCP,1,1,1,1,1
50446,THOMSON INDUSTRIES,THOMSON INDUSTRIES,1,1,1,1,1
50447,TOMPAC,TOMPAC,1,1,1,1,1
50448,TRANSFORCE BELTAL INC,TRANSFORCE BELTAL INC,2,1,2,1,1
50449,TTC,TTC,2,1,2,1,1
50451,WARD,WARD,2,1,2,1,1
50452,WARNER ELECTRIC INC,WARNER ELECTRIC INC,2,1,2,1,1
50454,WATTS WATER TECHNOLOGIES,WATTS WATER TECHNOLOGIES,1,1,1,1,1
50455,WERA,WERA,3,1,3,1,1
50456,WIKA INSTRUMENTS LTD,WIKA INSTRUMENTS LTD,1,1,1,1,1
50457,WINTERS INSTRUMENTS,WINTERS INSTRUMENTS,1,1,1,1,1
50458,YUKEN,YUKEN,1,1,1,1,1
50459,EATON AIRFLEX,EATON AIRFLEX,1,1,1,1,1
